questionnaire,standard_question_name,stepped_care_name,match_type,orig_step_name
intro,,redcap_repeat_instrument,External,intro
intro,,redcap_repeat_instance,External,intro
opening,,redcap_survey_identifier,External,opening
opening,,qualified_ipc,External,opening
opening,,group_study,External,opening
opening,,type_treat,External,opening
opening,,measure_time,External,opening
opening,,unit_name,External,opening
opening_child_pre,,opening_child_timestamp,External,opening_child
opening_child_pre,,age_child,External,opening_child
opening_child_pre,,sex,External,opening_child
opening_child_pre,,gender1,External,opening_child
opening_child_pre,,sexual_orientation,External,opening_child
cors_c,,cors_c_timestamp,External,cors_c
cors_c,,cors_personal_c,External,cors_c
cors_c,,cors_interpersonal_c,External,cors_c
cors_c,,cors_socially_c,External,cors_c
cors_c,,cors_general_c,External,cors_c
cssrs_c_intake,,cssrs_c_intake_timestamp,External,cssrs_c_intake
cssrs_c_intake,c_ssrs_1_life,c_ssrs_1_life,External,cssrs_c_intake
cssrs_c_intake,c_ssrs_2_life,c_ssrs_2_life,External,cssrs_c_intake
cssrs_c_intake,c_ssrs_3_life,c_ssrs_3_life,External,cssrs_c_intake
cssrs_c_intake,c_ssrs_4_life,c_ssrs_4_life,External,cssrs_c_intake
cssrs_c_intake,c_ssrs_5_life,c_ssrs_5_life,External,cssrs_c_intake
cssrs_c_intake,c_ssrs_6_life,c_ssrs_6_life,External,cssrs_c_intake
cssrs_c_intake,c_ssrs_8_intake,c_ssrs_8_intake,External,cssrs_c_intake
cssrs_c_intake,c_ssrs_7_intake,c_ssrs_7_intake,External,cssrs_c_intake
cssrs_c_intake,mfq_34,c_ssrs_7_life,External,cssrs_c_intake
cssrs_c_intake,,c_ssrs_8_life,External,cssrs_c_intake
cssrs_c_intake,,c_ssrs_9_life,External,cssrs_c_intake
cssrs_c_intake,,c_ssrs_10_life,External,cssrs_c_intake
cssrs_c_measurs,,cssrs_c_measurs_timestamp,External,cssrs_c_measurs
cssrs_c_measurs,c_ssrs_1_life,c_ssrs_1_2w,External,cssrs_c_measurs
cssrs_c_measurs,c_ssrs_2_life,c_ssrs_2_2w,External,cssrs_c_measurs
cssrs_c_measurs,c_ssrs_3_life,c_ssrs_3_2w,External,cssrs_c_measurs
cssrs_c_measurs,c_ssrs_4_life,c_ssrs_4_2w,External,cssrs_c_measurs
cssrs_c_measurs,c_ssrs_5_life,c_ssrs_5_2w,External,cssrs_c_measurs
cssrs_c_measurs,c_ssrs_6_life,c_ssrs_6_2w,External,cssrs_c_measurs
cssrs_c_measurs,c_ssrs_6_life,c_ssrs_last_visit_6,External,cssrs_c_measurs
cssrs_c_measurs,c_ssrs_7_intake,c_ssrs_7,External,cssrs_c_measurs
cssrs_c_measurs,c_ssrs_8_intake,c_ssrs_8,External,cssrs_c_measurs
cssrs_c_measurs,,c_ssrs_7_lastvis,External,cssrs_c_measurs
cssrs_c_measurs,,c_ssrs_8_lastvis,External,cssrs_c_measurs
sciafca,,sci_c_timestamp,External,sci_c
mfq_short,,mfq_sum,External,mfq_short
scared,,scared_sr_timestamp,External,scared_sr
derss_c,,derss_c_timestamp,External,derss_c
derss_c,,ders_s_1,External,derss_c
derss_c,,ders_s_2,External,derss_c
derss_c,,ders_s_3,External,derss_c
derss_c,,ders_s_4,External,derss_c
derss_c,,ders_s_5,External,derss_c
derss_c,,ders_s_6,External,derss_c
derss_c,ders_4,ders_s_7,External,derss_c
derss_c,,ders_s_8,External,derss_c
derss_c,,ders_s_9,External,derss_c
derss_c,,ders_s_10,External,derss_c
derss_c,ders_8,ders_s_11,External,derss_c
derss_c,,ders_s_12,External,derss_c
derss_c,,ders_s_13,External,derss_c
derss_c,ders_9,ders_s_14,External,derss_c
derss_c,,ders_s_15,External,derss_c
derss_c,,ders_s_16,External,derss_c
derss_c,,ders_s_17,External,derss_c
derss_c,,ders_s_18,External,derss_c
derss_c,,ders_s_19,External,derss_c
derss_c,,ders_s_20,External,derss_c
derss_c,,ders_s_21,External,derss_c
cpss_c,,cpss_c_timestamp,External,cpss_c
cpss_c,,pds_events___1,External,cpss_c
cpss_c,,pds_events___2,External,cpss_c
cpss_c,,pds_events___3,External,cpss_c
cpss_c,,pds_events___4,External,cpss_c
cpss_c,,pds_events___5,External,cpss_c
cpss_c,,pds_events___6,External,cpss_c
cpss_c,,pds_events___7,External,cpss_c
cpss_c,,pds_events___8,External,cpss_c
cpss_c,,pds_events___9,External,cpss_c
cpss_c,,pds_events___10,External,cpss_c
cpss_c,,pds_events___11,External,cpss_c
cpss_c,,pds_events___12,External,cpss_c
cpss_c,,pds_events___13,External,cpss_c
cpss_c,,pds1_events,External,cpss_c
cpss_c,,pds2_events___1,External,cpss_c
cpss_c,,pds2_events___2,External,cpss_c
cpss_c,,pds2_events___3,External,cpss_c
cpss_c,,pds2_events___4,External,cpss_c
cpss_c,,pds2_events___5,External,cpss_c
cpss_c,,pds2_events___6,External,cpss_c
cpss_c,,pds2_events___7,External,cpss_c
cpss_c,,pds2_events___8,External,cpss_c
cpss_c,,pds2_events___9,External,cpss_c
cpss_c,,pds2_events___10,External,cpss_c
cpss_c,,pds2_events___11,External,cpss_c
cpss_c,,pds2_events___12,External,cpss_c
cpss_c,,pds2_events___13,External,cpss_c
cpss_c,,cpss_c_1,External,cpss_c
cpss_c,,cpss_c_01,External,cpss_c
cpss_c,,cpss_c_02,External,cpss_c
cpss_c,,cpss_c_03,External,cpss_c
cpss_c,,cpss_c_04,External,cpss_c
cpss_c,,cpss_c_05,External,cpss_c
cpss_c,,cpss_c_06,External,cpss_c
cpss_c,,cpss_c_07,External,cpss_c
cpss_c,,cpss_c_08,External,cpss_c
cpss_c,,cpss_c_09,External,cpss_c
cpss_c,,cpss_c_10,External,cpss_c
cpss_c,,cpss_c_11,External,cpss_c
cpss_c,,cpss_c_12,External,cpss_c
cpss_c,,cpss_c_13,External,cpss_c
cpss_c,,cpss_c_14,External,cpss_c
cpss_c,,cpss_c_15,External,cpss_c
cpss_c,,cpss_c_16,External,cpss_c
cpss_c,,cpss_c_17,External,cpss_c
cpss_c,,cpss_c_18,External,cpss_c
cpss_c,,cpss_c_19,External,cpss_c
cpss_c,,cpss_c_20,External,cpss_c
cpss_c,,cpss_c_fun1,External,cpss_c
cpss_c,,cpss_c_fun2,External,cpss_c
cpss_c,,cpss_c_fun3,External,cpss_c
cpss_c,,cpss_c_fun4,External,cpss_c
cpss_c,,cpss_c_fun5,External,cpss_c
cpss_c,,cpss_c_fun6,External,cpss_c
cpss_c,,cpss_c_fun7,External,cpss_c
cpss_c,,cpss_c_sum,External,cpss_c
chs,,chs_timestamp,External,chs
chs,,chs1,External,chs
chs,,chs2,External,chs
chs,,chs3,External,chs
chs,,chs4,External,chs
chs,,chs5,External,chs
chs,,chs6,External,chs
sas,,sas_c_timestamp,External,sas_c
mspss,,mspss_timestamp,External,mspss
mspss,,mpss1,External,mspss
mspss,,mpss2,External,mspss
mspss,,mpss3,External,mspss
mspss,,mpss4,External,mspss
mspss,,mpss5,External,mspss
mspss,,mpss6,External,mspss
mspss,,mpss7,External,mspss
mspss,,mpss8,External,mspss
mspss,,mpss9,External,mspss
mspss,,mpss10,External,mspss
mspss,,mpss11,External,mspss
mspss,,mpss12,External,mspss
estimation_and_satisfaction,,csq4_c_timestamp,External,csq4_c
wai,,wai_c_timestamp,External,wai_c
ending_child,,ending_child_timestamp,External,ending_child
ending_child,therapy_child,therapy_child,External,ending_child
ending_child,ending_child,ending_child,External,ending_child
asq_parent_m_5de6,,asq_parent_m_5de6_timestamp,External,asq_parent_m_5de6
asq_parent_m_5de6,,asq_1_m,External,asq_parent_m_5de6
asq_parent_m_5de6,,asq_2_m,External,asq_parent_m_5de6
asq_parent_m_5de6,,asq_3_m,External,asq_parent_m_5de6
asq_parent_m_5de6,,asq_4_m,External,asq_parent_m_5de6
asq_parent_m_5de6,,asq_5_nssi_m,External,asq_parent_m_5de6
srs_s_parent_m,,srs_s_parent_m_timestamp,External,srs_s_parent_m
srs_s_parent_m,,srs_id_m,External,srs_s_parent_m
srs_s_parent_m,,srs_1,External,srs_s_parent_m
srs_s_parent_m,,srs_2,External,srs_s_parent_m
srs_s_parent_m,,srs_3,External,srs_s_parent_m
srs_s_parent_m,,srs_4,External,srs_s_parent_m
srs_s_parent_m,,srs_5,External,srs_s_parent_m
srs_s_parent_m,,srs_6,External,srs_s_parent_m
srs_s_parent_m,,srs_7,External,srs_s_parent_m
srs_s_parent_m,,srs_8,External,srs_s_parent_m
srs_s_parent_m,,srs_9,External,srs_s_parent_m
srs_s_parent_m,,srs_10,External,srs_s_parent_m
srs_s_parent_m,,srs_11,External,srs_s_parent_m
srs_s_parent_m,,srs_12,External,srs_s_parent_m
srs_s_parent_m,,srs_13,External,srs_s_parent_m
srs_s_parent_m,,srs_14,External,srs_s_parent_m
srs_s_parent_m,,srs_15,External,srs_s_parent_m
srs_s_parent_m,,srs_16,External,srs_s_parent_m
srs_s_parent_m,,srs_sum,External,srs_s_parent_m
cts_m,,cts_5_m,External,cts_m
cts_m,,cts_7_m,External,cts_m
cts_m,,cts_8_m,External,cts_m
cts_m,,cts_9_m,External,cts_m
cts_m,,cts_10_m,External,cts_m
orscors_child_m,,orscors_child_m_timestamp,External,orscors_child_m
orscors_child_m,,ors_personal_m,External,orscors_child_m
orscors_child_m,,ors_interpersonal_m,External,orscors_child_m
orscors_child_m,,ors_socially_m,External,orscors_child_m
orscors_child_m,,ors_general_m,External,orscors_child_m
dass_m,,dass21_m_timestamp,External,dass21_m
wai_parent_m,,wai_parent_m_timestamp,External,wai_parent_m
wai_parent_m,,wai_1_m,External,wai_parent_m
wai_parent_m,,wai_2_m,External,wai_parent_m
wai_parent_m,,wai_3_m,External,wai_parent_m
wai_parent_m,,wai_4_m,External,wai_parent_m
wai_parent_m,,wai_5_m,External,wai_parent_m
wai_parent_m,,wai_6_m,External,wai_parent_m
wai_parent_m,,wai_7_m,External,wai_parent_m
wai_parent_m,wai_8,wai_8_m,External,wai_parent_m
wai_parent_m,,wai_9_m,External,wai_parent_m
wai_parent_m,,wai_10_m,External,wai_parent_m
wai_parent_m,,wai_11_m,External,wai_parent_m
wai_parent_m,,wai_12_m,External,wai_parent_m
csq4_parent_m,,csq4_parent_m_timestamp,External,csq4_parent_m
csq4_parent_m,,csq_id_m,External,csq4_parent_m
csq4_parent_m,,satis_1_p_m,External,csq4_parent_m
csq4_parent_m,,satis_2_p_m,External,csq4_parent_m
csq4_parent_m,,satis_3_p_m,External,csq4_parent_m
csq4_parent_m,satis_4,satis_4_v2,External,csq4_parent_m
ending_parent_m,,ending_m_timestamp,External,ending_m
demographic_parents_f,,demographic_father_timestamp,External,demographic_father
asq_parent_f_f16b,,asq_parent_f_f16b_timestamp,External,asq_parent_f_f16b
asq_parent_f_f16b,,asq_1_f,External,asq_parent_f_f16b
asq_parent_f_f16b,,asq_2_f,External,asq_parent_f_f16b
asq_parent_f_f16b,,asq_3_f,External,asq_parent_f_f16b
asq_parent_f_f16b,,asq_4_f,External,asq_parent_f_f16b
asq_parent_f_f16b,,asq_5_nssi_f,External,asq_parent_f_f16b
srs_s_parent_f,,srs_s_parent_f_timestamp,External,srs_s_parent_f
srs_s_parent_f,,srs_id,External,srs_s_parent_f
srs_s_parent_f,,srs_1_f,External,srs_s_parent_f
srs_s_parent_f,,srs_2_f,External,srs_s_parent_f
srs_s_parent_f,,srs_3_f,External,srs_s_parent_f
srs_s_parent_f,,srs_4_f,External,srs_s_parent_f
srs_s_parent_f,,srs_5_f,External,srs_s_parent_f
srs_s_parent_f,,srs_6_f,External,srs_s_parent_f
srs_s_parent_f,,srs_7_f,External,srs_s_parent_f
srs_s_parent_f,,srs_8_f,External,srs_s_parent_f
srs_s_parent_f,,srs_9_f,External,srs_s_parent_f
srs_s_parent_f,,srs_10_f,External,srs_s_parent_f
srs_s_parent_f,,srs_11_f,External,srs_s_parent_f
srs_s_parent_f,,srs_12_f,External,srs_s_parent_f
srs_s_parent_f,,srs_13_f,External,srs_s_parent_f
srs_s_parent_f,,srs_14_f,External,srs_s_parent_f
srs_s_parent_f,,srs_15_f,External,srs_s_parent_f
srs_s_parent_f,,srs_16_f,External,srs_s_parent_f
srs_s_parent_f,,srs_sum_f,External,srs_s_parent_f
cts_f,,cts_5_f,External,cts_f
cts_f,,cts_7_f,External,cts_f
cts_f,,cts_8_f,External,cts_f
cts_f,,cts_9_f,External,cts_f
cts_f,,cts_10_f,External,cts_f
orscors_child_f,,orscors_child_f_timestamp,External,orscors_child_f
orscors_child_f,,ors_personal_f,External,orscors_child_f
orscors_child_f,,ors_interpersonal_f,External,orscors_child_f
orscors_child_f,,ors_socially_f,External,orscors_child_f
orscors_child_f,,ors_general_f,External,orscors_child_f
dass_f,,dass21_f_585e_timestamp,External,dass21_f_585e
wai_parent_f_6e34,,wai_parent_f_6e34_timestamp,External,wai_parent_f_6e34
wai_parent_f_6e34,,wai_1_f,External,wai_parent_f_6e34
wai_parent_f_6e34,,wai_2_f,External,wai_parent_f_6e34
wai_parent_f_6e34,,wai_3_f,External,wai_parent_f_6e34
wai_parent_f_6e34,,wai_4_f,External,wai_parent_f_6e34
wai_parent_f_6e34,,wai_5_f,External,wai_parent_f_6e34
wai_parent_f_6e34,,wai_6_f,External,wai_parent_f_6e34
wai_parent_f_6e34,,wai_7_f,External,wai_parent_f_6e34
wai_parent_f_6e34,wai_8,wai_8_f,External,wai_parent_f_6e34
wai_parent_f_6e34,,wai_9_f,External,wai_parent_f_6e34
wai_parent_f_6e34,,wai_10_f,External,wai_parent_f_6e34
wai_parent_f_6e34,,wai_11_f,External,wai_parent_f_6e34
wai_parent_f_6e34,,wai_12_f,External,wai_parent_f_6e34
csq4_parent_f,,csq4_parent_f_timestamp,External,csq4_parent_f
csq4_parent_f,,cdq_identity,External,csq4_parent_f
csq4_parent_f,,satis_1_p_f,External,csq4_parent_f
csq4_parent_f,,satis_2_p_f,External,csq4_parent_f
csq4_parent_f,,satis_3_p_f,External,csq4_parent_f
csq4_parent_f,satis_4,satis_4_v2_7cccbc,External,csq4_parent_f
opening_clinician,,opening_clinician_timestamp,External,opening_clinician
opening_clinician,,clin_exper,External,opening_clinician
opening_clinician,,clin_unit,External,opening_clinician
opening_clinician,,clin_time,External,opening_clinician
criteria_for_ipc,,criteria_for_ipc_timestamp,External,criteria_for_ipc
criteria_for_ipc,,cr_clin1,External,criteria_for_ipc
criteria_for_ipc,,cr_clin2,External,criteria_for_ipc
criteria_for_ipc,,cr_clin3,External,criteria_for_ipc
criteria_for_ipc,,cr_clin4,External,criteria_for_ipc
criteria_for_ipc,,cr_clin5,External,criteria_for_ipc
criteria_for_ipc,,cr_clin6,External,criteria_for_ipc
criteria_for_ipc,,cr_clin7,External,criteria_for_ipc
criteria_for_ipc,,cr_clin8,External,criteria_for_ipc
criteria_for_ipc,,cr_clin9,External,criteria_for_ipc
criteria_for_ipc,,cr_clin10,External,criteria_for_ipc
criteria_for_ipc,,cr_clin11,External,criteria_for_ipc
criteria_for_ipc,,cr_clin12,External,criteria_for_ipc
criteria_for_ipc,,cr_clin13,External,criteria_for_ipc
criteria_for_ipc,,cr_clin14,External,criteria_for_ipc
criteria_for_ipc,,cr_clin16,External,criteria_for_ipc
criteria_for_ipc,,cr_clin17,External,criteria_for_ipc
criteria_for_ipc,,cr_clin18,External,criteria_for_ipc
criteria_for_ipc,,cr_clin19,External,criteria_for_ipc
criteria_for_ipc,,cr_clin20,External,criteria_for_ipc
criteria_for_ipc,,cr_clin_sum,External,criteria_for_ipc
criteria_for_ipc,,cr_clin21,External,criteria_for_ipc
cssrs_clin_ssc,,cssrs_clin_ssc_timestamp,External,cssrs_clin_ssc
cssrs_clin_ssc,c_ssrs_t_time_clin,cssrs_clin_measure,External,cssrs_clin_ssc
cssrs_clin_ssc,c_ssrs_fu_thought_1_clin,cssrs_clin_life_1,External,cssrs_clin_ssc
cssrs_clin_ssc,,cssrs_clin_life_2,External,cssrs_clin_ssc
cssrs_clin_ssc,,cssrs_clin_life_3,External,cssrs_clin_ssc
cssrs_clin_ssc,,cssrs_clin_life_4,External,cssrs_clin_ssc
cssrs_clin_ssc,,cssrs_clin_life_5,External,cssrs_clin_ssc
cssrs_clin_ssc,c_ssrs_t_2weeks_1_clin,cssrs_clin_2w_1,External,cssrs_clin_ssc
cssrs_clin_ssc,,cssrs_clin_2w_2,External,cssrs_clin_ssc
cssrs_clin_ssc,,cssrs_clin_2w_3,External,cssrs_clin_ssc
cssrs_clin_ssc,,cssrs_clin_2w_4,External,cssrs_clin_ssc
cssrs_clin_ssc,,cssrs_clin_2w_5,External,cssrs_clin_ssc
cssrs_clin_ssc,,cssrs_t_ideation_type,External,cssrs_clin_ssc
cssrs_clin_ssc,,cssrs_clin_si_freq,External,cssrs_clin_ssc
cssrs_clin_ssc,,cssrs_clin_si_duration,External,cssrs_clin_ssc
cssrs_clin_ssc,,cssrs_clin_si_control,External,cssrs_clin_ssc
cssrs_clin_ssc,,cssrs_clin_si_resist,External,cssrs_clin_ssc
cssrs_clin_ssc,,cssrs_clin_si_causes,External,cssrs_clin_ssc
cssrs_clin_ssc,,cssrs_clin_sb_1,External,cssrs_clin_ssc
cssrs_clin_ssc,,cssrs_clin_sb_interup,External,cssrs_clin_ssc
cssrs_clin_ssc,,cssrs_clin_sb_abort,External,cssrs_clin_ssc
cssrs_clin_ssc,,cssrs_clin_sb_prepare,External,cssrs_clin_ssc
cssrs_clin_ssc,,cssrs_clin_sb_any,External,cssrs_clin_ssc
cssrs_clin_ssc,c_ssrs_t_16_2weeks_clin,cssrs_clin_sb_nssi,External,cssrs_clin_ssc
cssrs_clin_ssc,,cssrs_t_sa_lifetime,External,cssrs_clin_ssc
cssrs_clin_ssc,,cssrs_t_sainterrupted_lifetime,External,cssrs_clin_ssc
cssrs_clin_ssc,,cssrs_t_saaborted_lifetime,External,cssrs_clin_ssc
cssrs_clin_ssc,,cssrs_clin_sa_3m_1,External,cssrs_clin_ssc
cssrs_clin_ssc,c_ssrs_t_12_2weeks_clin,cssrs_clin_sa_3m_interup,External,cssrs_clin_ssc
cssrs_clin_ssc,,cssrs_clin_sa_3m_abort,External,cssrs_clin_ssc
cssrs_clin_ssc,,cssrs_clin_sa_3m_prepare,External,cssrs_clin_ssc
cssrs_clin_ssc,c_ssrs_t_15_2weeks_clin,cssrs_clin_sa_3m_any,External,cssrs_clin_ssc
cssrs_clin_ssc,c_ssrs_t_16_2weeks_clin,cssrs_clin_sa_3m_nssi,External,cssrs_clin_ssc
cssrs_clin_ssc,suicidal_behavior_last_11_clin_1,cssrs_clin_sa_3m_total,External,cssrs_clin_ssc
cssrs_clin_ssc,suicidal_behavior_last_12_clin_1,cssrs_clin_sa_3m_interup_total,External,cssrs_clin_ssc
cssrs_clin_ssc,suicidal_behavior_last_13_clin_1,cssrs_clin_sa_3m_abort_total,External,cssrs_clin_ssc
cssrs_clin_ssc,,cssrs_sa_lv,External,cssrs_clin_ssc
cssrs_clin_ssc,c_ssrs_t_12_2weeks_clin,cssrs_sa_interup_lv,External,cssrs_clin_ssc
cssrs_clin_ssc,,cssrs_sa_abort_lv,External,cssrs_clin_ssc
cssrs_clin_ssc,,cssrs_sa_prepare_lv,External,cssrs_clin_ssc
cssrs_clin_ssc,c_ssrs_t_15_2weeks_clin,cssrs_sa_any_lv,External,cssrs_clin_ssc
cssrs_clin_ssc,c_ssrs_t_16_2weeks_clin,cssrs_sa_nssi_lv,External,cssrs_clin_ssc
cssrs_clin_ssc,,cssrs_clin_lastsa,External,cssrs_clin_ssc
cssrs_clin_ssc,,cssrs_clin_lethalsa,External,cssrs_clin_ssc
cssrs_clin_ssc,,cssrs_clin_firstsa,External,cssrs_clin_ssc
cssrs_clin_ssc,,cssrs_lastsa_damage,External,cssrs_clin_ssc
cssrs_clin_ssc,,cssrs_lethalsa_damage,External,cssrs_clin_ssc
cssrs_clin_ssc,,cssrs_firstsa_damagep,External,cssrs_clin_ssc
sci_c_clin,,sci_clin_timestamp,External,sci_clin
cgi_s_clin,,cgi_s_i_clin_timestamp,External,cgi_s_i_clin
cgas_clin,,cgas_clin_timestamp,External,cgas_clin
cgas_clin,,lowest_f,External,cgas_clin
cgas_clin,,cgi_clin_range,External,cgas_clin
wai_immirisk_clin,,wai_clin_timestamp,External,wai_clin
ending_clin,,ending_clin_timestamp,External,ending_clin
ending_clin,,ending_childparent_fv2,External,ending_clin
cts_c,,cts_5,External,cts_c
cts_c,,cts_6,External,cts_c
cts_c,,cts_7,External,cts_c
cts_c,,cts_8,External,cts_c
cts_c,,cts_9,External,cts_c
cts_c,,cts_10,External,cts_c
intro,record_id,record_id,Simple,intro
intro,redcap_event_name,redcap_event_name,Simple,intro
opening,opening_timestamp,opening_timestamp,Simple,opening
opening,id,id,Simple,opening
opening,complaint___1,complaint___1,Simple,opening
opening,complaint___2,complaint___2,Simple,opening
opening,complaint___3,complaint___3,Simple,opening
opening,complaint___4,complaint___4,Simple,opening
opening,complaint___5,complaint___5,Simple,opening
opening,complaint___6,complaint___6,Simple,opening
opening,diagnosis___1,diagnosis___1,Simple,opening
opening,diagnosis___2,diagnosis___2,Simple,opening
opening,diagnosis___3,diagnosis___3,Simple,opening
opening,diagnosis___4,diagnosis___4,Simple,opening
opening,diagnosis___5,diagnosis___5,Simple,opening
opening,diagnosis___6,diagnosis___6,Simple,opening
opening,diagnosis___7,diagnosis___7,Simple,opening
opening,diagnosis___8,diagnosis___8,Simple,opening
opening,diagnosis___9,diagnosis___9,Simple,opening
opening,diagnosis___10,diagnosis___10,Simple,opening
opening,diagnosis___11,diagnosis___11,Simple,opening
opening,diagnosis___12,diagnosis___12,Simple,opening
opening,diagnosis___13,diagnosis___13,Simple,opening
opening,diagnosis___14,diagnosis___14,Simple,opening
opening,consent,consent,Simple,opening
opening_child_pre,gender,gender,Simple,opening_child
opening_child_pre,opening_child_pre_timestamp,opening_child_pre_timestamp,Simple,opening_child
sciafca,sci_af_ca_1,sci_af_ca_1,Simple,sci_c
sciafca,sci_af_ca_2,sci_af_ca_2,Simple,sci_c
sciafca,sci_af_ca_3,sci_af_ca_3,Simple,sci_c
sciafca,sci_af_ca_4,sci_af_ca_4,Simple,sci_c
sciafca,sci_af_ca_5,sci_af_ca_5,Simple,sci_c
sciafca,sci_af_ca_6,sci_af_ca_6,Simple,sci_c
sciafca,sci_af_ca_7,sci_af_ca_7,Simple,sci_c
sciafca,sci_af_ca_8,sci_af_ca_8,Simple,sci_c
sciafca,sci_af_ca_9,sci_af_ca_9,Simple,sci_c
sciafca,sci_af_ca_10,sci_af_ca_10,Simple,sci_c
sciafca,sci_af_ca_11,sci_af_ca_11,Simple,sci_c
sciafca,sci_af_ca_12,sci_af_ca_12,Simple,sci_c
sciafca,sci_af_ca_13,sci_af_ca_13,Simple,sci_c
sciafca,sci_af_ca_14,sci_af_ca_14,Simple,sci_c
sciafca,sci_af_ca_15,sci_af_ca_15,Simple,sci_c
sciafca,sci_af_ca_16,sci_af_ca_16,Simple,sci_c
sciafca,sci_af_ca_17,sci_af_ca_17,Simple,sci_c
sciafca,sci_af_ca_18,sci_af_ca_18,Simple,sci_c
sciafca,sci_af_ca_19,sci_af_ca_19,Simple,sci_c
sciafca,sci_af_ca_20,sci_af_ca_20,Simple,sci_c
sciafca,sci_af_ca_21,sci_af_ca_21,Simple,sci_c
sciafca,sci_af_ca_22,sci_af_ca_22,Simple,sci_c
sciafca,sci_af_ca_23,sci_af_ca_23,Simple,sci_c
sciafca,sci_af_ca_24,sci_af_ca_24,Simple,sci_c
sciafca,sci_af_ca_25,sci_af_ca_25,Simple,sci_c
sciafca,sci_af_ca_26,sci_af_ca_26,Simple,sci_c
sciafca,sci_af_ca_27,sci_af_ca_27,Simple,sci_c
sciafca,sci_af_ca_28,sci_af_ca_28,Simple,sci_c
sciafca,sci_af_ca_29,sci_af_ca_29,Simple,sci_c
sciafca,sci_af_ca_30,sci_af_ca_30,Simple,sci_c
sciafca,sci_af_ca_31,sci_af_ca_31,Simple,sci_c
sciafca,sci_af_ca_32,sci_af_ca_32,Simple,sci_c
sciafca,sci_af_ca_33,sci_af_ca_33,Simple,sci_c
sciafca,sci_af_ca_34,sci_af_ca_34,Simple,sci_c
sciafca,sci_af_ca_35,sci_af_ca_35,Simple,sci_c
sciafca,sci_af_ca_36,sci_af_ca_36,Simple,sci_c
sciafca,sci_af_ca_37,sci_af_ca_37,Simple,sci_c
sciafca,sci_af_ca_38,sci_af_ca_38,Simple,sci_c
sciafca,sci_af_ca_39,sci_af_ca_39,Simple,sci_c
sciafca,sci_af_ca_40,sci_af_ca_40,Simple,sci_c
sciafca,sciafca_timestamp,sciafca_timestamp,Simple,sci_c
dshi_pre,dshi_pre_timestamp,dshi_pre_timestamp,Simple,dshi_pre
dshi_pre,dshi_pre_1,dshi_pre_1,Simple,dshi_pre
dshi_pre,dshi_pre_2,dshi_pre_2,Simple,dshi_pre
dshi_pre,dshi_pre_3,dshi_pre_3,Simple,dshi_pre
dshi_pre,dshi_pre_4,dshi_pre_4,Simple,dshi_pre
dshi_pre,dshi_pre_5,dshi_pre_5,Simple,dshi_pre
dshi_pre,dshi_pre_6,dshi_pre_6,Simple,dshi_pre
dshi_post,dshi_post_timestamp,dshi_post_timestamp,Simple,dshi_post
dshi_post,dshi_post_1,dshi_post_1,Simple,dshi_post
dshi_post,dshi_post_2,dshi_post_2,Simple,dshi_post
dshi_post,dshi_post_3,dshi_post_3,Simple,dshi_post
dshi_post,dshi_post_4,dshi_post_4,Simple,dshi_post
dshi_post,dshi_post_5,dshi_post_5,Simple,dshi_post
dshi_post,dshi_post_6,dshi_post_6,Simple,dshi_post
mfq_short,mfq_short_timestamp,mfq_short_timestamp,Simple,mfq_short
mfq_short,mfq_1,mfq_1,Simple,mfq_short
mfq_short,mfq_2,mfq_2,Simple,mfq_short
mfq_short,mfq_5,mfq_5,Simple,mfq_short
mfq_short,mfq_7,mfq_7,Simple,mfq_short
mfq_short,mfq_8,mfq_8,Simple,mfq_short
mfq_short,mfq_14,mfq_14,Simple,mfq_short
mfq_short,mfq_21,mfq_21,Simple,mfq_short
mfq_short,mfq_23,mfq_23,Simple,mfq_short
mfq_short,mfq_24,mfq_24,Simple,mfq_short
mfq_short,mfq_27,mfq_27,Simple,mfq_short
mfq_short,mfq_28,mfq_28,Simple,mfq_short
mfq_short,mfq_30,mfq_30,Simple,mfq_short
mfq_short,mfq_31,mfq_31,Simple,mfq_short
scared,scared_1,scared_1,Simple,scared_sr
scared,scared_2,scared_2,Simple,scared_sr
scared,scared_3,scared_3,Simple,scared_sr
scared,scared_4,scared_4,Simple,scared_sr
scared,scared_5,scared_5,Simple,scared_sr
scared,scared_6,scared_6,Simple,scared_sr
scared,scared_7,scared_7,Simple,scared_sr
scared,scared_8,scared_8,Simple,scared_sr
scared,scared_9,scared_9,Simple,scared_sr
scared,scared_10,scared_10,Simple,scared_sr
scared,scared_11,scared_11,Simple,scared_sr
scared,scared_12,scared_12,Simple,scared_sr
scared,scared_13,scared_13,Simple,scared_sr
scared,scared_14,scared_14,Simple,scared_sr
scared,scared_15,scared_15,Simple,scared_sr
scared,scared_16,scared_16,Simple,scared_sr
scared,scared_17,scared_17,Simple,scared_sr
scared,scared_18,scared_18,Simple,scared_sr
scared,scared_19,scared_19,Simple,scared_sr
scared,scared_20,scared_20,Simple,scared_sr
scared,scared_21,scared_21,Simple,scared_sr
scared,scared_22,scared_22,Simple,scared_sr
scared,scared_23,scared_23,Simple,scared_sr
scared,scared_24,scared_24,Simple,scared_sr
scared,scared_25,scared_25,Simple,scared_sr
scared,scared_26,scared_26,Simple,scared_sr
scared,scared_27,scared_27,Simple,scared_sr
scared,scared_28,scared_28,Simple,scared_sr
scared,scared_29,scared_29,Simple,scared_sr
scared,scared_30,scared_30,Simple,scared_sr
scared,scared_31,scared_31,Simple,scared_sr
scared,scared_32,scared_32,Simple,scared_sr
scared,scared_33,scared_33,Simple,scared_sr
scared,scared_34,scared_34,Simple,scared_sr
scared,scared_35,scared_35,Simple,scared_sr
scared,scared_36,scared_36,Simple,scared_sr
scared,scared_37,scared_37,Simple,scared_sr
scared,scared_38,scared_38,Simple,scared_sr
scared,scared_39,scared_39,Simple,scared_sr
scared,scared_40,scared_40,Simple,scared_sr
scared,scared_41,scared_41,Simple,scared_sr
scared,scared_timestamp,scared_timestamp,Simple,scared_sr
sas,sas_1,sas_1,Simple,sas_c
sas,sas_2,sas_2,Simple,sas_c
sas,sas_3,sas_3,Simple,sas_c
sas,sas_4,sas_4,Simple,sas_c
sas,sas_5,sas_5,Simple,sas_c
sas,sas_6,sas_6,Simple,sas_c
sas,sas_7,sas_7,Simple,sas_c
sas,sas_8,sas_8,Simple,sas_c
sas,sas_9,sas_9,Simple,sas_c
sas,sas_10,sas_10,Simple,sas_c
sas,sas_11,sas_11,Simple,sas_c
sas,sas_12,sas_12,Simple,sas_c
sas,sas_13,sas_13,Simple,sas_c
sas,sas_14,sas_14,Simple,sas_c
sas,sas_15,sas_15,Simple,sas_c
sas,sas_16,sas_16,Simple,sas_c
sas,sas_17,sas_17,Simple,sas_c
sas,sas_18,sas_18,Simple,sas_c
sas,sas_19,sas_19,Simple,sas_c
sas,sas_20,sas_20,Simple,sas_c
sas,sas_21,sas_21,Simple,sas_c
sas,sas_22,sas_22,Simple,sas_c
sas,sas_23,sas_23,Simple,sas_c
sas,sas_timestamp,sas_timestamp,Simple,sas_c
estimation_and_satisfaction,satis_1,satis_1,Simple,csq4_c
estimation_and_satisfaction,satis_2,satis_2,Simple,csq4_c
estimation_and_satisfaction,satis_3,satis_3,Simple,csq4_c
estimation_and_satisfaction,satis_4,satis_4,Simple,csq4_c
estimation_and_satisfaction,estimation_and_satisfaction_timestamp,estimation_and_satisfaction_timestamp,Simple,csq4_c
wai,wai_1,wai_1,Simple,wai_c
wai,wai_2,wai_2,Simple,wai_c
wai,wai_3,wai_3,Simple,wai_c
wai,wai_4,wai_4,Simple,wai_c
wai,wai_5,wai_5,Simple,wai_c
wai,wai_6,wai_6,Simple,wai_c
wai,wai_7,wai_7,Simple,wai_c
wai,wai_8,wai_8,Simple,wai_c
wai,wai_9,wai_9,Simple,wai_c
wai,wai_10,wai_10,Simple,wai_c
wai,wai_11,wai_11,Simple,wai_c
wai,wai_12,wai_12,Simple,wai_c
wai,wai_timestamp,wai_timestamp,Simple,wai_c
opening_parents_m,opening_parents_m_timestamp,opening_parents_m_timestamp,Simple,opening_parents_m
opening_parents_m,who_fills_out_m,who_fills_out_m,Simple,opening_parents_m
opening_parents_m,who_fills_out_2_m,who_fills_out_2_m,Simple,opening_parents_m
demographic_parents_m,demographic_parents_m_timestamp,demographic_parents_m_timestamp,Simple,demographic_parents_m
demographic_parents_m,parents_who_m,parents_who_m,Simple,demographic_parents_m
demographic_parents_m,parent_who_other_m,parent_who_other_m,Simple,demographic_parents_m
demographic_parents_m,parents_age_m,parents_age_m,Simple,demographic_parents_m
demographic_parents_m,parents_born_m,parents_born_m,Simple,demographic_parents_m
demographic_parents_m,parents_born_2_m,parents_born_2_m,Simple,demographic_parents_m
demographic_parents_m,born_child_m,born_child_m,Simple,demographic_parents_m
demographic_parents_m,born_child_2_m,born_child_2_m,Simple,demographic_parents_m
demographic_parents_m,parent_religion_m,parent_religion_m,Simple,demographic_parents_m
demographic_parents_m,parent_religion_other_m,parent_religion_other_m,Simple,demographic_parents_m
demographic_parents_m,parents_economy_m,parents_economy_m,Simple,demographic_parents_m
demographic_parents_m,parents_education_m,parents_education_m,Simple,demographic_parents_m
demographic_parents_m,parents_education_other_m,parents_education_other_m,Simple,demographic_parents_m
demographic_parents_m,parents_work_m,parents_work_m,Simple,demographic_parents_m
demographic_parents_m,paresnts_work_2_m,paresnts_work_2_m,Simple,demographic_parents_m
demographic_parents_m,together_live_m,together_live_m,Simple,demographic_parents_m
demographic_parents_m,with_who_m___1,with_who_m___1,Simple,demographic_parents_m
demographic_parents_m,with_who_m___2,with_who_m___2,Simple,demographic_parents_m
demographic_parents_m,with_who_m___3,with_who_m___3,Simple,demographic_parents_m
demographic_parents_m,with_who_m___4,with_who_m___4,Simple,demographic_parents_m
demographic_parents_m,with_who_m___5,with_who_m___5,Simple,demographic_parents_m
demographic_parents_m,with_who_m___6,with_who_m___6,Simple,demographic_parents_m
demographic_parents_m,with_who_m___7,with_who_m___7,Simple,demographic_parents_m
demographic_parents_m,with_who_other_m,with_who_other_m,Simple,demographic_parents_m
sdq_parents_m,sdq_parents_m_timestamp,sdq_parents_m_timestamp,Simple,sdq_parents_m
sdq_parents_m,sdq_27_parents_m,sdq_27_parents_m,Simple,sdq_parents_m
sdq_parents_m,sdq_28_parents_m,sdq_28_parents_m,Simple,sdq_parents_m
sdq_parents_m,sdq_30_parents_m,sdq_30_parents_m,Simple,sdq_parents_m
scip_m,scip_m_timestamp,scip_m_timestamp,Simple,scip_m
scip_m,sci_p_1_m,sci_p_1_m,Simple,scip_m
scip_m,sci_p_2_m,sci_p_2_m,Simple,scip_m
scip_m,sci_p_3_m,sci_p_3_m,Simple,scip_m
scip_m,sci_p_4_m,sci_p_4_m,Simple,scip_m
scip_m,sci_p_5_m,sci_p_5_m,Simple,scip_m
scip_m,sci_p_6_m,sci_p_6_m,Simple,scip_m
scip_m,sci_p_7_m,sci_p_7_m,Simple,scip_m
scip_m,sci_p_8_m,sci_p_8_m,Simple,scip_m
scip_m,sci_p_9_m,sci_p_9_m,Simple,scip_m
scip_m,sci_p_10_m,sci_p_10_m,Simple,scip_m
scip_m,sci_p_11_m,sci_p_11_m,Simple,scip_m
scip_m,sci_p_12_m,sci_p_12_m,Simple,scip_m
scip_m,sci_p_13_m,sci_p_13_m,Simple,scip_m
scip_m,sci_p_14_m,sci_p_14_m,Simple,scip_m
scip_m,sci_p_15_m,sci_p_15_m,Simple,scip_m
cts_m,cts_m_timestamp,cts_m_timestamp,Simple,cts_m
dass_m,dass_1_m,dass_1_m,Simple,dass21_m
dass_m,dass_2_m,dass_2_m,Simple,dass21_m
dass_m,dass_3_m,dass_3_m,Simple,dass21_m
dass_m,dass_4_m,dass_4_m,Simple,dass21_m
dass_m,dass_5_m,dass_5_m,Simple,dass21_m
dass_m,dass_6_m,dass_6_m,Simple,dass21_m
dass_m,dass_7_m,dass_7_m,Simple,dass21_m
dass_m,dass_8_m,dass_8_m,Simple,dass21_m
dass_m,dass_9_m,dass_9_m,Simple,dass21_m
dass_m,dass_10_m,dass_10_m,Simple,dass21_m
dass_m,dass_11_m,dass_11_m,Simple,dass21_m
dass_m,dass_12_m,dass_12_m,Simple,dass21_m
dass_m,dass_13_m,dass_13_m,Simple,dass21_m
dass_m,dass_14_m,dass_14_m,Simple,dass21_m
dass_m,dass_15_m,dass_15_m,Simple,dass21_m
dass_m,dass_16_m,dass_16_m,Simple,dass21_m
dass_m,dass_17_m,dass_17_m,Simple,dass21_m
dass_m,dass_18_m,dass_18_m,Simple,dass21_m
dass_m,dass_19_m,dass_19_m,Simple,dass21_m
dass_m,dass_20_m,dass_20_m,Simple,dass21_m
dass_m,dass_21_m,dass_21_m,Simple,dass21_m
dass_m,dass_m_timestamp,dass_m_timestamp,Simple,dass21_m
ending_parent_m,therapy_child_2_m,therapy_child_2_m,Simple,ending_m
ending_parent_m,ending_childparent_m,ending_childparent_m,Simple,ending_m
ending_parent_m,ending_parent_m_timestamp,ending_parent_m_timestamp,Simple,ending_m
opening_parents_f,opening_parents_f_timestamp,opening_parents_f_timestamp,Simple,opening_parents_f
opening_parents_f,who_fills_out_f,who_fills_out_f,Simple,opening_parents_f
opening_parents_f,who_fills_out_2_f,who_fills_out_2_f,Simple,opening_parents_f
demographic_parents_f,parents_who_f,parents_who_f,Simple,demographic_father
demographic_parents_f,parent_who_other_f,parent_who_other_f,Simple,demographic_father
demographic_parents_f,parents_age_f,parents_age_f,Simple,demographic_father
demographic_parents_f,parents_born_f,parents_born_f,Simple,demographic_father
demographic_parents_f,parents_born_2_f,parents_born_2_f,Simple,demographic_father
demographic_parents_f,born_child_f,born_child_f,Simple,demographic_father
demographic_parents_f,born_child_2_f,born_child_2_f,Simple,demographic_father
demographic_parents_f,parent_religion_f,parent_religion_f,Simple,demographic_father
demographic_parents_f,parent_religion_other_f,parent_religion_other_f,Simple,demographic_father
demographic_parents_f,parents_economy_f,parents_economy_f,Simple,demographic_father
demographic_parents_f,parents_education_f,parents_education_f,Simple,demographic_father
demographic_parents_f,parents_education_other_f,parents_education_other_f,Simple,demographic_father
demographic_parents_f,parents_work_f,parents_work_f,Simple,demographic_father
demographic_parents_f,paresnts_work_2_f,paresnts_work_2_f,Simple,demographic_father
demographic_parents_f,together_live_f,together_live_f,Simple,demographic_father
demographic_parents_f,with_who_f___1,with_who_f___1,Simple,demographic_father
demographic_parents_f,with_who_f___2,with_who_f___2,Simple,demographic_father
demographic_parents_f,with_who_f___3,with_who_f___3,Simple,demographic_father
demographic_parents_f,with_who_f___4,with_who_f___4,Simple,demographic_father
demographic_parents_f,with_who_f___5,with_who_f___5,Simple,demographic_father
demographic_parents_f,with_who_f___6,with_who_f___6,Simple,demographic_father
demographic_parents_f,with_who_f___7,with_who_f___7,Simple,demographic_father
demographic_parents_f,with_who_other_f,with_who_other_f,Simple,demographic_father
demographic_parents_f,demographic_parents_f_timestamp,demographic_parents_f_timestamp,Simple,demographic_father
sdq_parents_f,sdq_parents_f_timestamp,sdq_parents_f_timestamp,Simple,sdq_parents_f
scip_f,scip_f_timestamp,scip_f_timestamp,Simple,scip_f
scip_f,sci_p_1_f,sci_p_1_f,Simple,scip_f
scip_f,sci_p_2_f,sci_p_2_f,Simple,scip_f
scip_f,sci_p_3_f,sci_p_3_f,Simple,scip_f
scip_f,sci_p_4_f,sci_p_4_f,Simple,scip_f
scip_f,sci_p_5_f,sci_p_5_f,Simple,scip_f
scip_f,sci_p_6_f,sci_p_6_f,Simple,scip_f
scip_f,sci_p_7_f,sci_p_7_f,Simple,scip_f
scip_f,sci_p_8_f,sci_p_8_f,Simple,scip_f
scip_f,sci_p_9_f,sci_p_9_f,Simple,scip_f
scip_f,sci_p_10_f,sci_p_10_f,Simple,scip_f
scip_f,sci_p_11_f,sci_p_11_f,Simple,scip_f
scip_f,sci_p_12_f,sci_p_12_f,Simple,scip_f
scip_f,sci_p_13_f,sci_p_13_f,Simple,scip_f
scip_f,sci_p_14_f,sci_p_14_f,Simple,scip_f
scip_f,sci_p_15_f,sci_p_15_f,Simple,scip_f
cts_f,cts_f_timestamp,cts_f_timestamp,Simple,cts_f
dass_f,dass_1_f,dass_1_f,Simple,dass21_f_585e
dass_f,dass_2_f,dass_2_f,Simple,dass21_f_585e
dass_f,dass_3_f,dass_3_f,Simple,dass21_f_585e
dass_f,dass_4_f,dass_4_f,Simple,dass21_f_585e
dass_f,dass_5_f,dass_5_f,Simple,dass21_f_585e
dass_f,dass_6_f,dass_6_f,Simple,dass21_f_585e
dass_f,dass_7_f,dass_7_f,Simple,dass21_f_585e
dass_f,dass_8_f,dass_8_f,Simple,dass21_f_585e
dass_f,dass_9_f,dass_9_f,Simple,dass21_f_585e
dass_f,dass_10_f,dass_10_f,Simple,dass21_f_585e
dass_f,dass_11_f,dass_11_f,Simple,dass21_f_585e
dass_f,dass_12_f,dass_12_f,Simple,dass21_f_585e
dass_f,dass_13_f,dass_13_f,Simple,dass21_f_585e
dass_f,dass_14_f,dass_14_f,Simple,dass21_f_585e
dass_f,dass_15_f,dass_15_f,Simple,dass21_f_585e
dass_f,dass_16_f,dass_16_f,Simple,dass21_f_585e
dass_f,dass_17_f,dass_17_f,Simple,dass21_f_585e
dass_f,dass_18_f,dass_18_f,Simple,dass21_f_585e
dass_f,dass_19_f,dass_19_f,Simple,dass21_f_585e
dass_f,dass_20_f,dass_20_f,Simple,dass21_f_585e
dass_f,dass_21_f,dass_21_f,Simple,dass21_f_585e
dass_f,dass_f_timestamp,dass_f_timestamp,Simple,dass21_f_585e
ending_parent_f,ending_parent_f_timestamp,ending_parent_f_timestamp,Simple,ending_parent_f
ending_parent_f,therapy_child_2_f,therapy_child_2_f,Simple,ending_parent_f
ending_parent_f,ending_childparent_f,ending_childparent_f,Simple,ending_parent_f
sci_c_clin,sci_c_clin_timestamp,sci_c_clin_timestamp,Simple,sci_clin
cgi_s_clin,cgi_s_base_clin,cgi_s_base_clin,Simple,cgi_s_i_clin
cgi_s_clin,cgi_s_clin_timestamp,cgi_s_clin_timestamp,Simple,cgi_s_i_clin
wai_immirisk_clin,wai_t_immi_1_clin,wai_t_immi_1_clin,Simple,wai_clin
wai_immirisk_clin,wai_t_immi_2_clin,wai_t_immi_2_clin,Simple,wai_clin
wai_immirisk_clin,wai_t_immi_3_clin,wai_t_immi_3_clin,Simple,wai_clin
wai_immirisk_clin,wai_t_immi_4_clin,wai_t_immi_4_clin,Simple,wai_clin
wai_immirisk_clin,wai_t_immi_5_clin,wai_t_immi_5_clin,Simple,wai_clin
wai_immirisk_clin,wai_t_immi_6_clin,wai_t_immi_6_clin,Simple,wai_clin
wai_immirisk_clin,wai_t_immi_7_clin,wai_t_immi_7_clin,Simple,wai_clin
wai_immirisk_clin,wai_t_immi_8_clin,wai_t_immi_8_clin,Simple,wai_clin
wai_immirisk_clin,wai_t_immi_9_clin,wai_t_immi_9_clin,Simple,wai_clin
wai_immirisk_clin,wai_t_immi_10_clin,wai_t_immi_10_clin,Simple,wai_clin
wai_immirisk_clin,wai_t_immi_11_clin,wai_t_immi_11_clin,Simple,wai_clin
wai_immirisk_clin,wai_t_immi_12_clin,wai_t_immi_12_clin,Simple,wai_clin
wai_immirisk_clin,wai_immirisk_clin_timestamp,wai_immirisk_clin_timestamp,Simple,wai_clin
chameleon,chameleon_timestamp,chameleon_timestamp,Simple,chameleon
chameleon,chameleon_follow_stu,chameleon_follow_stu,Simple,chameleon
chameleon,treatment_end_stu,treatment_end_stu,Simple,chameleon
chameleon,treatment_end_2_stu,treatment_end_2_stu,Simple,chameleon
chameleon,visit_date_stu,visit_date_stu,Simple,chameleon
chameleon,chameleon_ideation_stu,chameleon_ideation_stu,Simple,chameleon
chameleon,chameleon_behavior_stu,chameleon_behavior_stu,Simple,chameleon
chameleon,chameleon_attempt_stu,chameleon_attempt_stu,Simple,chameleon
chameleon,chameleon_nssi_stu,chameleon_nssi_stu,Simple,chameleon
chameleon,chameleon_suicide_er_stu,chameleon_suicide_er_stu,Simple,chameleon
chameleon,chameleon_suicide_er_date_stu,chameleon_suicide_er_date_stu,Simple,chameleon
chameleon,chameleon_suicide_er_date_2_stu,chameleon_suicide_er_date_2_stu,Simple,chameleon
chameleon,chameleon_suicide_er_date_3_stu,chameleon_suicide_er_date_3_stu,Simple,chameleon
chameleon,chameleon_psychiatric_stu,chameleon_psychiatric_stu,Simple,chameleon
chameleon,chameleon_psychiatric_date_stu,chameleon_psychiatric_date_stu,Simple,chameleon
chameleon,chameleon_psychiatric_date_2_stu,chameleon_psychiatric_date_2_stu,Simple,chameleon
chameleon,chameleon_psychiatric_date_3_stu,chameleon_psychiatric_date_3_stu,Simple,chameleon
chameleon,emergency_stu,emergency_stu,Simple,chameleon
chameleon,chameleon_psychotherapy_stu,chameleon_psychotherapy_stu,Simple,chameleon
chameleon,chameleon_psychotherapy_2_stu___1,chameleon_psychotherapy_2_stu___1,Simple,chameleon
chameleon,chameleon_psychotherapy_2_stu___2,chameleon_psychotherapy_2_stu___2,Simple,chameleon
chameleon,chameleon_psychotherapy_2_stu___3,chameleon_psychotherapy_2_stu___3,Simple,chameleon
chameleon,chameleon_psychotherapy_2_stu___4,chameleon_psychotherapy_2_stu___4,Simple,chameleon
chameleon,chameleon_psychotherapy_2_stu___5,chameleon_psychotherapy_2_stu___5,Simple,chameleon
chameleon,chameleon_psychotherapy_2_stu___6,chameleon_psychotherapy_2_stu___6,Simple,chameleon
chameleon,chameleon_psychotherapy_2_stu___7,chameleon_psychotherapy_2_stu___7,Simple,chameleon
chameleon,chameleon_psychotherapy_other_stu,chameleon_psychotherapy_other_stu,Simple,chameleon
chameleon,chameleon_medicine_stu,chameleon_medicine_stu,Simple,chameleon
chameleon,chameleon_medicine_2_stu___1,chameleon_medicine_2_stu___1,Simple,chameleon
chameleon,chameleon_medicine_2_stu___2,chameleon_medicine_2_stu___2,Simple,chameleon
chameleon,chameleon_medicine_2_stu___3,chameleon_medicine_2_stu___3,Simple,chameleon
chameleon,chameleon_medicine_2_stu___4,chameleon_medicine_2_stu___4,Simple,chameleon
chameleon,chameleon_medicine_2_stu___5,chameleon_medicine_2_stu___5,Simple,chameleon
chameleon,chameleon_medicine_other_stu,chameleon_medicine_other_stu,Simple,chameleon
chameleon,chameleon_notes_stu,chameleon_notes_stu,Simple,chameleon
cts_c,cts_c_timestamp,cts_c_timestamp,Simple,cts_c
cts_c,cts_c_4_1,cts_c_4_1,Simple,cts_c
opening_parents_m,,birth_d,Simple,opening_parents_m
ending_parent_m,,medicin_child_m,Simple,ending_m
opening_parents_f,,birth_date_f,Simple,opening_parents_f
ending_parent_f,,medicin_child_f,Simple,ending_parent_f
cgi_s_clin,,cgi_improve,Simple,cgi_s_i_clin
sdq_parents_m,sdq_2_parents_m,sdq_2_p_m,Simple,sdq_parents_m
sdq_parents_m,sdq_3_parents_m,sdq_3_p_m,Simple,sdq_parents_m
sdq_parents_m,sdq_10_parents_m,sdq_10_p_m,Simple,sdq_parents_m
sdq_parents_m,sdq_11_parents_m,sdq_11_p_m,Simple,sdq_parents_m
sdq_parents_m,sdq_13_parents_m,sdq_13_p_m,Simple,sdq_parents_m
sdq_parents_m,sdq_15_parents_m,sdq_15_p_m,Simple,sdq_parents_m
sdq_parents_m,sdq_17_parents_m,sdq_17_p_m,Simple,sdq_parents_m
sdq_parents_m,sdq_18_parents_m,sdq_18_p_m,Simple,sdq_parents_m
sdq_parents_m,sdq_19_parents_m,sdq_19_p_m,Simple,sdq_parents_m
sdq_parents_m,sdq_21_parents_m,sdq_21_p_m,Simple,sdq_parents_m
sdq_parents_m,sdq_23_parents_m,sdq_23_p_m,Simple,sdq_parents_m
sdq_parents_m,sdq_25_parents_m,sdq_25_p_m,Simple,sdq_parents_m
sdq_parents_m,sdq_26_parents_m,sdq_26_p_m,Simple,sdq_parents_m
sdq_parents_m,sdq_29_parents_1_m,sdq_29_family,Simple,sdq_parents_m
sdq_parents_m,sdq_29_parents_2_m,sdq_29_friend,Simple,sdq_parents_m
sdq_parents_m,sdq_29_parents_3_m,sdq_29_school,Simple,sdq_parents_m
sdq_parents_m,sdq_29_parents_4_m,sdq_29_hobbies,Simple,sdq_parents_m
cts_m,cts_p_1_m,cts_1_m,Simple,cts_m
cts_m,cts_p_4_1_m,cts_c_4_1_m,Simple,cts_m
sdq_parents_f,sdq_2_parents_f,sdq_2_p_f,Simple,sdq_parents_f
sdq_parents_f,sdq_3_parents_f,sdq_3_p_f,Simple,sdq_parents_f
sdq_parents_f,sdq_10_parents_f,sdq_10_p_f,Simple,sdq_parents_f
sdq_parents_f,sdq_11_parents_f,sdq_11_p_f,Simple,sdq_parents_f
sdq_parents_f,sdq_13_parents_f,sdq_13_p_f,Simple,sdq_parents_f
sdq_parents_f,sdq_15_parents_f,sdq_15_p_f,Simple,sdq_parents_f
sdq_parents_f,sdq_17_parents_f,sdq_17_p_f,Simple,sdq_parents_f
sdq_parents_f,sdq_18_parents_f,sdq_18_p_f,Simple,sdq_parents_f
sdq_parents_f,sdq_19_parents_f,sdq_19_p_f,Simple,sdq_parents_f
sdq_parents_f,sdq_21_parents_f,sdq_21_p_f,Simple,sdq_parents_f
sdq_parents_f,sdq_23_parents_f,sdq_23_p_f,Simple,sdq_parents_f
sdq_parents_f,sdq_25_parents_f,sdq_25_p_f,Simple,sdq_parents_f
sdq_parents_f,sdq_26_parents_f,sdq_26_p_f,Simple,sdq_parents_f
sdq_parents_f,sdq_27_parents_f,sdq_27_p_f,Simple,sdq_parents_f
sdq_parents_f,sdq_28_parents_f,sdq_28_p_f,Simple,sdq_parents_f
sdq_parents_f,sdq_29_parents_1_f,sdq_29_family_f,Simple,sdq_parents_f
sdq_parents_f,sdq_29_parents_2_f,sdq_29_friend_f,Simple,sdq_parents_f
sdq_parents_f,sdq_29_parents_3_f,sdq_29_school_f,Simple,sdq_parents_f
sdq_parents_f,sdq_29_parents_4_f,sdq_29_hobbies_f,Simple,sdq_parents_f
sdq_parents_f,sdq_30_parents_f,sdq_30_p_f,Simple,sdq_parents_f
cts_f,cts_p_1_f,cts_1_f,Simple,cts_f
cts_f,cts_p_4_1_f,cts_c_4_1_f,Simple,cts_f
sci_c_clin,sci_c_1_1_clin,sci_c_1_1_stu,Simple,sci_clin
sci_c_clin,scs_2_1_clin,scs_2_1_stu,Simple,sci_clin
sci_c_clin,scs_2_2_clin,scs_2_2_stu,Simple,sci_clin
sci_c_clin,scs_2_3_clin,scs_2_3_stu,Simple,sci_clin
sci_c_clin,scs_2_4_clin,scs_2_4_stu,Simple,sci_clin
sci_c_clin,sci_c_3_1_clin,sci_c_3_1_stu,Simple,sci_clin
sci_c_clin,sci_c_3_2_clin,sci_c_3_2_stu,Simple,sci_clin
sci_c_clin,sci_c_3_3_clin,sci_c_3_3_stu,Simple,sci_clin
sci_c_clin,sci_c_3_4_clin,sci_c_3_4_stu,Simple,sci_clin
sci_c_clin,sci_c_4_1_clin,sci_c_4_1_stu,Simple,sci_clin
sci_c_clin,sci_c_4_2_clin,sci_c_4_2_stu,Simple,sci_clin
sci_c_clin,sci_c_4_3_clin,sci_c_4_3_stu,Simple,sci_clin
sci_c_clin,sci_c_4_4_clin,sci_c_4_4_stu,Simple,sci_clin
sci_c_clin,sci_c_5_1_clin,sci_c_5_1_stu,Simple,sci_clin
sci_c_clin,sci_c_5_2_clin,sci_c_5_2_stu,Simple,sci_clin
cts_c,cts_c_1,cts_1_c,Simple,cts_c
cts_c,cts_c_2,cts_2_c,Simple,cts_c
cts_c,cts_c_3,cts_3_c,Simple,cts_c
cts_c,cts_c_4,cts_4_c,Simple,cts_c
sdq_parents_m,sdq_1_parents_m,sdq_1_p_m,Simple,sdq_parents_m
sdq_parents_m,sdq_4_parents_m,sdq_4_p_m,Simple,sdq_parents_m
sdq_parents_m,sdq_5_parents_m,sdq_5_p_m,Simple,sdq_parents_m
sdq_parents_m,sdq_6_parents_m,sdq_6_p_m,Simple,sdq_parents_m
sdq_parents_m,sdq_7_parents_m,sdq_7_p_m,Simple,sdq_parents_m
sdq_parents_m,sdq_8_parents_m,sdq_8_p_m,Simple,sdq_parents_m
sdq_parents_m,sdq_9_parents_m,sdq_9_p_m,Simple,sdq_parents_m
sdq_parents_m,sdq_12_parents_m,sdq_12_p_m,Simple,sdq_parents_m
sdq_parents_m,sdq_14_parents_m,sdq_14_p_m,Simple,sdq_parents_m
sdq_parents_m,sdq_16_parents_m,sdq_16_p_m,Simple,sdq_parents_m
sdq_parents_m,sdq_20_parents_m,sdq_20_p_m,Simple,sdq_parents_m
sdq_parents_m,sdq_22_parents_m,sdq_22_p_m,Simple,sdq_parents_m
sdq_parents_m,sdq_24_parents_m,sdq_24_p_m,Simple,sdq_parents_m
sdq_parents_f,sdq_1_parents_f,sdq_1_p_f,Simple,sdq_parents_f
sdq_parents_f,sdq_4_parents_f,sdq_4_p_f,Simple,sdq_parents_f
sdq_parents_f,sdq_5_parents_f,sdq_5_p_f,Simple,sdq_parents_f
sdq_parents_f,sdq_6_parents_f,sdq_6_p_f,Simple,sdq_parents_f
sdq_parents_f,sdq_7_parents_f,sdq_7_p_f,Simple,sdq_parents_f
sdq_parents_f,sdq_8_parents_f,sdq_8_p_f,Simple,sdq_parents_f
sdq_parents_f,sdq_9_parents_f,sdq_9_p_f,Simple,sdq_parents_f
sdq_parents_f,sdq_12_parents_f,sdq_12_p_f,Simple,sdq_parents_f
sdq_parents_f,sdq_14_parents_f,sdq_14_p_f,Simple,sdq_parents_f
sdq_parents_f,sdq_16_parents_f,sdq_16_p_f,Simple,sdq_parents_f
sdq_parents_f,sdq_20_parents_f,sdq_20_p_f,Simple,sdq_parents_f
sdq_parents_f,sdq_22_parents_f,sdq_22_p_f,Simple,sdq_parents_f
sdq_parents_f,sdq_24_parents_f,sdq_24_p_f,Simple,sdq_parents_f
cts_m,cts_p_2_m,cts_2_m,Simple,cts_m
cts_m,cts_p_3_m,cts_3_m,Simple,cts_m
cts_m,cts_p_4_m,cts_4_m,Simple,cts_m
cts_f,cts_p_2_f,cts_2_f,Simple,cts_f
cts_f,cts_p_3_f,cts_3_f,Simple,cts_f
cts_f,cts_p_4_f,cts_4_f,Simple,cts_f
